"id","center","visit","numsep","weeksep"
"EA40015","EA",4,0,0
"EA40091","EA",4,35,70
"EA40108","EA",4,0,0
"EA40129","EA",4,0,0
"EA40141","EA",4,2,4
"EA40185","EA",4,5,12
"EA40304","EA",4,1,1
"EA40345","EA",4,0,0
"EA40399","EA",4,0,0
"EA40414","EA",4,0,0
"EA40422","EA",4,2,3
"EA40436","EA",4,0,0
"EA40450","EA",4,1,1
"EA40469","EA",4,0,0
"EA40497","EA",4,0,0
"EA40505","EA",4,0,0
"EA40518","EA",4,1,1
"EA40526","EA",4,0,0
"EA40560","EA",4,0,0
"EA40593","EA",4,0,0
"EA40606","EA",4,0,0
"EA40619","EA",4,0,0
"EA40627","EA",4,0,0
"EA40631","EA",4,0,0
"EA40655","EA",4,0,0
"EA40664","EA",4,0,0
"EA40670","EA",4,0,0
"EA40692","EA",4,1,1
"EA40724","EA",4,1,1
"EA40767","EA",4,0,0
"EA40778","EA",4,1,1
"EA40795","EA",4,0,0
"EA40813","EA",4,0,0
"EA40821","EA",4,0,0
"EA40849","EA",4,0,0
"EA40865","EA",4,0,0
"EA40876","EA",4,0,0
"EA40882","EA",4,2,2
"EA40909","EA",4,2,2
"EA40940","EA",4,0,0
"EA40958","EA",4,0,0
"EA40972","EA",4,0,0
"EA40986","EA",4,0,0
"EA40994","EA",4,0,0
"EA41010","EA",4,1,1
"EA41035","EA",4,0,0
"EA41047","EA",4,1,1
"EA41051","EA",4,0,0
"EA41084","EA",4,0,0
"EA41096","EA",4,1,1
"EA41103","EA",4,0,0
"EA41111","EA",4,2,10
"EA41124","EA",4,0,0
"EA41139","EA",4,0,0
"EA41146","EA",4,0,0
"EA41152","EA",4,0,0
"EA41167","EA",4,0,0
"EA41178","EA",4,0,0
"EA41195","EA",4,1,1
"EA41215","EA",4,1,2
"EA41230","EA",4,0,0
"EA41242","EA",4,0,0
"EA41274","EA",4,0,0
"EA41289","EA",4,0,0
"EA41309","EA",4,0,0
"EA41317","EA",4,0,0
"EA41325","EA",4,0,0
"EA41333","EA",4,0,0
"EA41340","EA",4,0,0
"EA41358","EA",4,0,0
"EA41361","EA",4,0,0
"EA41372","EA",4,0,0
"EA41386","EA",4,0,0
"EA41394","EA",4,0,0
"EA41427","EA",4,1,1
"EA41431","EA",4,0,0
"EA41443","EA",4,0,0
"EA43011","EA",4,1,1
"EA43024","EA",4,0,0
"EA43039","EA",4,1,1
"EA43046","EA",4,0,0
"EA43052","EA",4,0,0
"EA43067","EA",4,0,0
"EA43078","EA",4,0,0
"EA43095","EA",4,1,1
"EA43104","EA",4,0,0
"EA43112","EA",4,0,0
"EA43138","EA",4,0,0
"EA43145","EA",4,10,7
"EA43166","EA",4,0,0
"EA43177","EA",4,0,0
"EA43181","EA",4,0,0
"EA43231","EA",4,0,0
"EA43255","EA",4,1,2
"EA43264","EA",4,0,0
"EA43270","EA",4,0,0
"EA43292","EA",4,0,0
"EA43334","EA",4,0,0
"EA43357","EA",4,0,0
"EA43373","EA",4,0,0
"EA43390","EA",4,0,0
"EA43405","EA",4,0,0
"EA43426","EA",4,0,0
"EA43432","EA",4,0,0
"EA43460","EA",4,2,2
"EA43493","EA",4,0,0
"EA43522","EA",4,0,0
"EA43548","EA",4,1,1
"EA43550","EA",4,0,0
"EA43569","EA",4,0,0
"EA43583","EA",4,0,0
"EA43597","EA",4,8,8
"EA43602","EA",4,0,0
"EA43610","EA",4,0,0
"EA43696","EA",4,0,0
"EA43707","EA",4,0,0
"EA43715","EA",4,0,0
"EA43730","EA",4,0,0
"EA43742","EA",4,1,4
"EA43774","EA",4,0,0
"EA43789","EA",4,0,0
"EA43791","EA",4,4,4
"EA43809","EA",4,0,0
"EA43825","EA",4,0,0
"EA43833","EA",4,0,0
"EA43858","EA",4,0,0
"EA43861","EA",4,1,1
"EA43872","EA",4,0,0
"EA43886","EA",4,1,1
"EA43900","EA",4,0,0
"EA43913","EA",4,1,1
"EA43921","EA",4,0,0
"EA43937","EA",4,0,0
"EA43965","EA",4,1,1
"EA43982","EA",4,0,0
"EA43998","EA",4,0,0
"EA44009","EA",4,0,0
"EA44017","EA",4,0,0
"EA44033","EA",4,0,0
"EA44040","EA",4,0,0
"EA44058","EA",4,0,0
"EA44072","EA",4,1,1
"EA44086","EA",4,0,0
"EA44094","EA",4,0,0
"EA44126","EA",4,0,0
"EA44144","EA",4,24,35
"EA44159","EA",4,0,0
"EA44160","EA",4,1,1
"EA44171","EA",4,0,0
"EA44193","EA",4,0,0
"EA44213","EA",4,2,4
"EA44221","EA",4,3,3
"EA44237","EA",4,0,0
"EA44249","EA",4,0,0
"EA44254","EA",4,0,0
"EA44265","EA",4,0,0
"EA44282","EA",4,0,0
"EA44298","EA",4,0,0
"EA44310","EA",4,2,1
"EA44351","EA",4,0,0
"EA44368","EA",4,0,0
"EA44379","EA",4,0,0
"EA44396","EA",4,0,0
"EA44404","EA",4,0,0
"EA44453","EA",4,0,0
"EA44481","EA",4,0,0
"EA44515","EA",4,0,0
"EA44528","EA",4,1,4
"EA45034","EA",4,0,0
"EA45041","EA",4,0,0
"EA45057","EA",4,1,1
"EA45062","EA",4,0,0
"EA45073","EA",4,0,0
"EA45085","EA",4,0,0
"EA45125","EA",4,2,4
"EA45133","EA",4,0,0
"EA45158","EA",4,0,0
"EA45186","EA",4,1,1
"EA45194","EA",4,0,0
"EA45236","EA",4,3,3
"EA45250","EA",4,2,12
"EA45269","EA",4,0,0
"EA45275","EA",4,0,0
"EA45283","EA",4,0,0
"EA45303","EA",4,0,0
"EA45311","EA",4,0,0
"EA45324","EA",4,0,0
"EA45346","EA",4,1,1
"EA45378","EA",4,0,0
"EA45395","EA",4,1,4
"EA45400","EA",4,0,0
"EA45437","EA",4,4,4
"EA45454","EA",4,0,0
"EA45465","EA",4,0,0
"EA45498","EA",4,0,0
"EA45506","EA",4,0,0
"EA45527","EA",4,1,1
"EA45531","EA",4,1,10
"EA45555","EA",4,0,0
"EA45570","EA",4,1,4
"EA45588","EA",4,0,0
"EA45592","EA",4,0,0
"EA45607","EA",4,0,0
"EA45628","EA",4,0,0
"EA45630","EA",4,0,0
"EA45663","EA",4,1,1
"EA45674","EA",4,0,0
"EA45702","EA",4,3,4
"EA45735","EA",4,0,0
"EA45751","EA",4,1,1
"EA45768","EA",4,1,1
"EA45796","EA",4,0,0
"EA45804","EA",4,1,1
"EA45812","EA",4,4,0
"EA45820","EA",4,0,0
"EA45845","EA",4,0,0
"EA45866","EA",4,1,16
"EA45881","EA",4,1,3
"EA45932","EA",4,1,1
"EA45944","EA",4,0,0
"EA45987","EA",4,1,4
"MW00013","MW",1,0,0
"MW00013","MW",4,2,26
"MW00049","MW",1,0,0
"MW00065","MW",1,1,1
"MW00065","MW",4,0,0
"MW00136","MW",1,0,0
"MW00136","MW",4,1,4
"MW00148","MW",1,0,0
"MW00148","MW",4,0,0
"MW00150","MW",1,0,0
"MW00150","MW",4,0,0
"MW00169","MW",1,1,1
"MW00169","MW",4,5,6
"MW00175","MW",1,0,0
"MW00175","MW",4,0,0
"MW00183","MW",1,0,0
"MW00183","MW",4,0,0
"MW00197","MW",1,0,0
"MW00217","MW",1,0,0
"MW00217","MW",4,0,0
"MW00225","MW",1,0,0
"MW00225","MW",4,1,8
"MW00233","MW",1,0,0
"MW00233","MW",4,0,0
"MW00258","MW",1,3,10
"MW00258","MW",4,0,0
"MW00272","MW",1,0,0
"MW00272","MW",4,3,20
"MW00286","MW",1,0,0
"MW00286","MW",4,0,0
"MW00306","MW",1,1,10
"MW00306","MW",4,3,3
"MW00319","MW",1,0,0
"MW00327","MW",1,0,0
"MW00327","MW",4,1,4
"MW00331","MW",1,0,0
"MW00331","MW",4,0,0
"MW00355","MW",1,0,0
"MW00355","MW",4,0,0
"MW00364","MW",1,0,0
"MW00364","MW",4,1,1
"MW00370","MW",1,0,0
"MW00370","MW",4,1,1
"MW00388","MW",1,0,0
"MW00388","MW",4,0,0
"MW00392","MW",1,0,0
"MW00408","MW",1,0,0
"MW00408","MW",4,0,0
"MW00416","MW",4,0,0
"MW00429","MW",1,0,0
"MW00434","MW",1,0,0
"MW00434","MW",4,0,0
"MW00441","MW",1,0,0
"MW00441","MW",4,1,1
"MW00457","MW",1,0,0
"MW00457","MW",4,0,0
"MW00462","MW",1,0,0
"MW00462","MW",4,0,0
"MW00473","MW",1,0,0
"MW00473","MW",4,1,2
"MW00485","MW",1,0,0
"MW00485","MW",4,1,2
"MW00503","MW",1,0,0
"MW00511","MW",1,0,0
"MW00511","MW",4,0,0
"MW00524","MW",1,0,0
"MW00524","MW",4,1,36
"MW00539","MW",1,0,0
"MW00539","MW",4,0,0
"MW00546","MW",1,0,0
"MW00546","MW",4,1,1
"MW00552","MW",1,0,0
"MW00552","MW",4,0,0
"MW00567","MW",1,0,0
"MW00567","MW",4,0,0
"MW00578","MW",1,1,1
"MW00578","MW",4,0,0
"MW00580","MW",1,0,0
"MW00595","MW",1,0,0
"MW00595","MW",4,0,0
"MW00604","MW",1,1,1
"MW00604","MW",4,0,0
"MW00612","MW",1,0,0
"MW00612","MW",4,0,0
"MW00620","MW",1,0,0
"MW00620","MW",4,1,2
"MW00638","MW",1,0,0
"MW00638","MW",4,0,0
"MW00645","MW",1,0,0
"MW00645","MW",4,0,0
"MW00653","MW",1,0,0
"MW00653","MW",4,0,0
"MW00666","MW",1,0,0
"MW00677","MW",1,0,0
"MW00677","MW",4,1,1
"MW00681","MW",1,0,0
"MW00681","MW",4,0,0
"MW00699","MW",1,0,0
"MW00699","MW",4,0,0
"MW00718","MW",1,0,0
"MW00718","MW",4,1,1
"MW00726","MW",1,1,8
"MW00726","MW",4,2,60
"MW00732","MW",1,0,0
"MW00732","MW",4,2,41
"MW00744","MW",1,0,0
"MW00744","MW",4,1,8
"MW00771","MW",1,5,5
"MW00807","MW",1,0,0
"MW00807","MW",4,1,2
"MW00828","MW",1,0,0
"MW00828","MW",4,0,0
"MW00830","MW",1,0,0
"MW00830","MW",4,0,0
"MW00856","MW",1,0,0
"MW00856","MW",4,1,8
"MW00863","MW",1,0,0
"MW00863","MW",4,0,0
"MW00874","MW",1,1,6
"MW00874","MW",4,1,8
"MW00889","MW",1,0,0
"MW00889","MW",4,1,0
"MW00891","MW",1,0,0
"MW00902","MW",1,0,0
"MW00902","MW",4,0,0
"MW00923","MW",1,0,0
"MW00923","MW",4,1,99
"MW00947","MW",1,0,0
"MW00947","MW",4,0,0
"MW00951","MW",1,0,0
"MW00951","MW",4,0,0
"MW00968","MW",1,1,2
"MW00968","MW",4,1,2
"MW00979","MW",1,0,0
"MW00979","MW",4,1,2
"MW01009","MW",1,0,0
"MW01009","MW",4,0,0
"MW01017","MW",1,0,0
"MW01033","MW",1,0,0
"MW01033","MW",4,1,1
"MW01040","MW",1,5,10
"MW01040","MW",4,0,0
"MW01061","MW",1,0,0
"MW01061","MW",4,12,16
"MW01072","MW",1,0,0
"MW01072","MW",4,0,0
"MW01086","MW",1,0,0
"MW01086","MW",4,0,0
"MW01094","MW",1,0,0
"MW01094","MW",4,1,3
"MW01105","MW",1,0,0
"MW01105","MW",4,0,0
"MW01118","MW",1,0,0
"MW01126","MW",1,3,3
"MW01126","MW",4,0,0
"MW01144","MW",1,0,0
"MW01144","MW",4,0,0
"MW01160","MW",1,0,0
"MW01171","MW",1,0,0
"MW01171","MW",4,0,0
"MW01187","MW",1,0,0
"MW01187","MW",4,0,0
"MW01193","MW",1,0,0
"MW01193","MW",4,0,0
"MW01200","MW",1,0,0
"MW01200","MW",4,0,0
"MW01249","MW",1,0,0
"MW01249","MW",4,0,0
"MW01254","MW",4,0,0
"MW01276","MW",1,0,0
"MW01276","MW",4,0,0
"MW01282","MW",1,0,0
"MW01282","MW",4,0,0
"MW01302","MW",1,0,0
"MW01302","MW",4,0,0
"MW01323","MW",1,0,0
"MW01323","MW",4,0,0
"MW01335","MW",1,14,14
"MW01335","MW",4,0,0
"MW01347","MW",1,0,0
"MW01347","MW",4,11,7
"MW01351","MW",1,0,0
"MW01351","MW",4,0,0
"MW01396","MW",1,1,12
"MW01396","MW",4,1,1
"MW01404","MW",1,0,0
"MW01404","MW",4,2,99
"MW01412","MW",1,0,0
"MW01412","MW",4,0,0
"MW01420","MW",1,0,0
"MW01420","MW",4,0,0
"MW01438","MW",1,0,0
"MW01453","MW",1,0,0
"MW01453","MW",4,0,0
"MW01466","MW",1,0,0
"MW01466","MW",4,0,0
"MW01481","MW",1,0,0
"MW01481","MW",4,0,0
"MW01499","MW",4,1,6
"MW01515","MW",1,1,12
"MW01515","MW",4,4,8
"MW01528","MW",1,0,0
"MW01528","MW",4,0,0
"MW01530","MW",1,0,0
"MW01542","MW",1,0,0
"MW01556","MW",1,0,0
"MW01556","MW",4,0,0
"MW01574","MW",1,1,2
"MW01574","MW",4,4,8
"MW01589","MW",1,1,2
"MW01589","MW",4,3,7
"MW01591","MW",1,0,0
"MW01591","MW",4,0,0
"MW01608","MW",4,0,0
"MW01629","MW",1,0,0
"MW01629","MW",4,0,0
"MW01634","MW",1,0,0
"MW01634","MW",4,0,0
"MW01657","MW",1,0,0
"MW01657","MW",4,0,0
"MW01673","MW",1,0,0
"MW01673","MW",4,0,0
"MW01685","MW",1,0,0
"MW01685","MW",4,0,0
"MW01690","MW",1,0,0
"MW01690","MW",4,0,0
"MW01701","MW",1,0,0
"MW01701","MW",4,2,2
"MW01714","MW",4,1,52
"MW01722","MW",1,0,0
"MW01722","MW",4,0,0
"MW01736","MW",1,0,0
"MW01736","MW",4,0,0
"MW01748","MW",1,0,0
"MW01750","MW",1,0,0
"MW01750","MW",4,0,0
"MW01769","MW",1,0,0
"MW01775","MW",1,0,0
"MW01775","MW",4,0,0
"MW01797","MW",1,0,0
"MW01797","MW",4,0,0
"MW01803","MW",1,0,0
"MW01803","MW",4,45,127
"MW01811","MW",4,0,0
"MW01824","MW",1,0,0
"MW01824","MW",4,1,1
"MW01839","MW",1,0,0
"MW01839","MW",4,1,1
"MW01846","MW",1,0,0
"MW01846","MW",4,0,0
"MW01852","MW",1,0,0
"MW01852","MW",4,0,0
"MW01867","MW",1,0,0
"MW01867","MW",4,0,0
"MW01895","MW",1,0,0
"MW01895","MW",4,0,0
"MW01906","MW",1,0,0
"MW01906","MW",4,1,2
"MW01927","MW",4,0,0
"MW01943","MW",1,0,0
"MW01943","MW",4,0,0
"MW01955","MW",1,0,0
"MW01955","MW",4,0,0
"MW01970","MW",1,0,0
"MW01970","MW",4,0,0
"MW01988","MW",1,2,12
"MW01992","MW",1,0,0
"MW01992","MW",4,0,0
"MW02008","MW",1,0,0
"MW02008","MW",4,1,2
"MW02016","MW",1,0,0
"MW02016","MW",4,0,0
"MW02034","MW",1,0,0
"MW02041","MW",4,0,0
"MW02057","MW",1,0,0
"MW02057","MW",4,0,0
"MW02073","MW",1,0,0
"MW02090","MW",1,0,0
"MW02117","MW",1,0,0
"MW02117","MW",4,1,52
"MW02125","MW",1,0,0
"MW02125","MW",4,0,0
"MW02140","MW",1,1,1
"MW02140","MW",4,1,4
"MW02158","MW",1,0,0
"MW02158","MW",4,0,0
"MW02161","MW",1,0,0
"MW02161","MW",4,0,0
"MW02172","MW",4,0,0
"MW02186","MW",1,0,0
"MW02186","MW",4,0,0
"MW02214","MW",1,0,0
"MW02214","MW",4,0,0
"MW02222","MW",1,0,0
"MW02222","MW",4,0,0
"MW02236","MW",1,0,0
"MW02236","MW",4,0,0
"MW02248","MW",1,0,0
"MW02269","MW",1,0,0
"MW02269","MW",4,1,16
"MW02275","MW",1,2,2
"MW02275","MW",4,52,52
"MW02283","MW",1,0,0
"MW02303","MW",1,0,0
"MW02303","MW",4,0,0
"MW02311","MW",1,0,0
"MW02311","MW",4,0,0
"MW02324","MW",1,0,0
"MW02324","MW",4,0,0
"MW02339","MW",1,0,0
"MW02339","MW",4,0,0
"MW02346","MW",1,0,0
"MW02346","MW",4,0,0
"MW02367","MW",1,0,0
"MW02367","MW",4,1,2
"MW02378","MW",1,0,0
"MW02378","MW",4,0,0
"MW02380","MW",1,1,2
"MW02400","MW",1,0,0
"MW02400","MW",4,0,0
"MW02465","MW",1,0,0
"MW02476","MW",1,0,0
"MW02476","MW",4,0,0
"MW02482","MW",1,0,0
"MW02519","MW",1,0,0
"MW02519","MW",4,0,0
"MW02531","MW",1,0,0
"MW02531","MW",4,1,2
"MW02543","MW",1,0,0
"MW02543","MW",4,0,0
"MW02570","MW",1,0,0
"MW02588","MW",1,0,0
"MW02588","MW",4,0,0
"MW02592","MW",4,1,20
"MW02607","MW",1,0,0
"MW02607","MW",4,0,0
"MW02615","MW",1,1,12
"MW02615","MW",4,1,4
"MW02630","MW",1,1,12
"MW02630","MW",4,2,104
"MW02642","MW",1,2,12
"MW02642","MW",4,8,10
"MW02656","MW",1,1,6
"MW02656","MW",4,2,2
"MW02663","MW",1,0,0
"MW02663","MW",4,0,0
"MW02674","MW",1,1,3
"MW02674","MW",4,1,8
"MW02689","MW",4,0,0
"MW02691","MW",1,1,2
"MW02702","MW",1,0,0
"MW02702","MW",4,0,0
"MW02710","MW",1,2,21
"MW02710","MW",4,0,0
"MW02723","MW",1,0,0
"MW02723","MW",4,0,0
"MW02735","MW",1,1,28
"MW02747","MW",1,1,14
"MW02751","MW",1,1,2
"MW02751","MW",4,0,0
"MW02768","MW",1,0,0
"MW02768","MW",4,0,0
"MW02779","MW",1,0,0
"MW02784","MW",1,0,0
"MW02784","MW",4,0,0
"MW02796","MW",1,0,0
"MW02804","MW",1,0,0
"MW02804","MW",4,0,0
"MW02812","MW",1,0,0
"MW02812","MW",4,1,5
"MW02838","MW",1,0,0
"MW02838","MW",4,0,0
"MW02845","MW",1,0,0
"MW02845","MW",4,0,0
"MW02853","MW",1,0,0
"MW02853","MW",4,0,0
"MW02866","MW",1,0,0
"MW02866","MW",4,0,0
"MW02877","MW",4,0,0
"MW02881","MW",1,0,0
"MW02881","MW",4,0,0
"MW02899","MW",1,1,1
"MW02905","MW",1,0,0
"MW02905","MW",4,0,0
"MW02926","MW",1,1,6
"MW02926","MW",4,0,0
"MW02932","MW",1,1,1
"MW02932","MW",4,1,1
"MW02944","MW",1,0,0
"MW02944","MW",4,1,1
"MW02959","MW",1,1,1
"MW02959","MW",4,0,0
"MW02960","MW",1,1,2
"MW02971","MW",1,0,0
"MW02971","MW",4,0,0
"MW02987","MW",1,0,0
"MW02987","MW",4,0,0
"MW02993","MW",1,0,0
"MW02993","MW",4,0,0
"MW03005","MW",1,98,98
"MW03005","MW",4,149,149
"MW03026","MW",1,3,3
"MW03026","MW",4,0,0
"MW03032","MW",1,1,1
"MW03032","MW",4,0,0
"MW03044","MW",1,0,0
"MW03044","MW",4,0,0
"MW03060","MW",1,0,0
"MW03071","MW",1,0,0
"MW03071","MW",4,0,0
"MW03093","MW",1,0,0
"MW03093","MW",4,0,0
"MW03119","MW",1,0,0
"MW03119","MW",4,12,12
"MW03127","MW",1,0,0
"MW03131","MW",1,0,0
"MW03131","MW",4,0,0
"MW03155","MW",1,0,0
"MW03155","MW",4,0,0
"MW03170","MW",1,0,0
"MW03170","MW",4,0,0
"MW03188","MW",1,0,0
"MW03188","MW",4,2,2
"MW03192","MW",4,0,0
"MW03204","MW",1,0,0
"MW03204","MW",4,0,0
"MW03212","MW",1,0,0
"MW03212","MW",4,0,0
"MW03220","MW",1,1,3
"MW03220","MW",4,1,4
"MW03238","MW",1,0,0
"MW03238","MW",4,0,0
"MW03245","MW",1,0,0
"MW03245","MW",4,0,0
"MW03253","MW",1,0,0
"MW03253","MW",4,0,0
"MW03266","MW",1,0,0
"MW03266","MW",4,10,10
"NW30020","NW",4,0,0
"NW30045","NW",1,1,6
"NW30045","NW",4,1,26
"NW30053","NW",2,0,0
"NW30053","NW",4,0,0
"NW30066","NW",3,0,0
"NW30066","NW",4,1,8
"NW30077","NW",3,2,2
"NW30081","NW",2,0,0
"NW30081","NW",4,1,52
"NW30099","NW",3,2,3
"NW30099","NW",4,2,3
"NW30113","NW",1,0,0
"NW30113","NW",4,1,8
"NW30121","NW",2,2,73
"NW30137","NW",1,1,28
"NW30137","NW",4,1,20
"NW30149","NW",1,1,8
"NW30149","NW",4,2,151
"NW30154","NW",2,1,3
"NW30154","NW",4,1,2
"NW30176","NW",4,2,3
"NW30182","NW",2,0,0
"NW30182","NW",4,0,0
"NW30198","NW",2,0,0
"NW30198","NW",4,0,0
"NW30205","NW",3,1,2
"NW30205","NW",4,1,2
"NW30218","NW",1,2,60
"NW30218","NW",4,2,151
"NW30232","NW",1,1,28
"NW30232","NW",4,1,52
"NW30244","NW",3,2,7
"NW30244","NW",4,2,6
"NW30259","NW",2,1,8
"NW30259","NW",4,1,3
"NW30260","NW",3,0,0
"NW30260","NW",4,0,0
"NW30271","NW",3,3,31
"NW30271","NW",4,8,84
"NW30287","NW",3,2,104
"NW30287","NW",4,2,30
"NW30293","NW",4,1,2
"NW30307","NW",1,0,0
"NW30307","NW",4,1,2
"NW30315","NW",4,1,3
"NW30328","NW",2,0,0
"NW30328","NW",4,3,3
"NW30330","NW",4,3,4
"NW30342","NW",0,0,0
"NW30342","NW",4,1,52
"NW30356","NW",3,0,0
"NW30363","NW",3,1,14
"NW30363","NW",4,1,1
"NW30374","NW",4,1,76
"NW30389","NW",1,1,12
"NW30389","NW",4,0,0
"NW30391","NW",4,0,0
"NW30409","NW",3,0,0
"NW30409","NW",4,1,4
"NW30417","NW",4,1,52
"NW30425","NW",3,1,6
"NW30425","NW",4,1,6
"NW30433","NW",2,1,24
"NW30433","NW",4,2,104
"NW30440","NW",3,0,0
"NW30440","NW",4,1,1
"NW30458","NW",4,2,2
"NW30461","NW",0,1,2
"NW30461","NW",4,1,3
"NW30472","NW",3,0,0
"NW30472","NW",4,1,3
"NW30486","NW",3,2,9
"NW30486","NW",4,1,2
"NW30494","NW",1,0,0
"NW30502","NW",2,0,0
"NW30502","NW",4,1,1
"NW30510","NW",3,1,6
"NW30510","NW",4,1,2
"NW30523","NW",1,0,0
"NW30523","NW",4,1,4
"NW30535","NW",0,1,24
"NW30535","NW",4,2,42
"NW30547","NW",3,1,2
"NW30547","NW",4,1,2
"NW30551","NW",1,0,0
"NW30551","NW",4,0,0
"NW30568","NW",4,0,0
"NW30579","NW",3,1,8
"NW30579","NW",4,1,8
"NW30584","NW",4,1,32
"NW30596","NW",2,0,0
"NW30603","NW",1,0,0
"NW30603","NW",4,0,0
"NW30611","NW",1,2,9
"NW30611","NW",4,1,1
"NW30624","NW",2,1,8
"NW30624","NW",4,2,2
"NW30639","NW",1,0,0
"NW30639","NW",4,0,0
"NW30646","NW",1,0,0
"NW30646","NW",4,0,0
"NW30652","NW",4,0,0
"NW30667","NW",1,0,0
"NW30667","NW",4,17,62
"NW30678","NW",4,0,0
"NW30680","NW",1,1,48
"NW30680","NW",4,1,99
"NW30695","NW",3,5,24
"NW30706","NW",1,0,0
"NW30706","NW",4,1,1
"NW30719","NW",1,0,0
"NW30719","NW",4,1,8
"NW30727","NW",2,1,2
"NW30727","NW",4,1,2
"NW30731","NW",0,0,0
"NW30731","NW",4,2,72
"NW30743","NW",4,9,8
"NW30764","NW",4,0,0
"NW30770","NW",2,0,0
"NW30788","NW",2,2,12
"NW30788","NW",4,2,40
"NW30792","NW",0,1,4
"NW30792","NW",4,1,21
"NW30808","NW",2,5,28
"NW30808","NW",4,2,151
"NW30816","NW",2,0,0
"NW30816","NW",4,2,151
"NW30829","NW",1,2,10
"NW30829","NW",4,1,52
"NW30834","NW",3,2,5
"NW30834","NW",4,1,6
"NW30841","NW",2,2,68
"NW30841","NW",4,0,0
"NW30862","NW",1,0,0
"NW30873","NW",0,0,0
"NW30873","NW",4,2,60
"NW30885","NW",2,0,0
"NW30885","NW",4,1,12
"NW30890","NW",3,2,76
"NW30890","NW",4,2,151
"NW30901","NW",4,1,52
"NW30914","NW",1,5,2
"NW30914","NW",4,2,64
"NW30922","NW",2,0,0
"NW30922","NW",4,0,0
"NW30936","NW",2,2,13
"NW30936","NW",4,1,36
"NW30948","NW",0,0,0
"NW30948","NW",4,0,0
"NW30950","NW",4,2,151
"NW30969","NW",2,1,52
"NW30969","NW",4,2,151
"NW30975","NW",4,0,0
"NW30997","NW",2,2,58
"NW30997","NW",4,0,0
"NW31005","NW",4,1,24
"NW31018","NW",4,0,0
"NW31026","NW",3,0,0
"NW31026","NW",4,0,0
"NW31032","NW",2,0,0
"NW31032","NW",4,0,0
"NW31044","NW",4,2,20
"NW31059","NW",3,0,0
"NW31059","NW",4,0,0
"NW31071","NW",1,0,0
"NW31071","NW",4,0,0
"NW31087","NW",0,0,0
"NW31087","NW",4,0,0
"NW31093","NW",1,1,3
"NW31093","NW",4,0,0
"NW31106","NW",4,1,12
"NW31119","NW",4,0,0
"NW31127","NW",1,1,2
"NW31127","NW",4,1,1
"NW31131","NW",2,0,0
"NW31131","NW",4,2,151
"NW31143","NW",4,1,4
"NW31155","NW",3,2,104
"NW31155","NW",4,1,44
"NW31164","NW",4,1,2
"NW31170","NW",3,1,16
"NW31170","NW",4,1,16
"NW31188","NW",1,1,48
"NW31188","NW",4,1,40
"NW31192","NW",2,2,84
"NW31192","NW",4,2,5
"NW31204","NW",4,0,0
"NW31212","NW",3,1,5
"NW31212","NW",4,1,6
"NW31220","NW",2,0,0
"NW31220","NW",4,0,0
"NW31238","NW",2,1,52
"NW31238","NW",4,1,3
"NW31245","NW",4,2,2
"NW31253","NW",4,1,2
"NW31266","NW",2,0,0
"NW31266","NW",4,0,0
"NW31277","NW",2,0,0
"NW31277","NW",4,0,0
"NW31281","NW",1,1,8
"NW31281","NW",4,1,8
"NW31299","NW",0,1,1
"NW31299","NW",4,1,1
"NW31301","NW",3,2,60
"NW31301","NW",4,2,60
"NW31314","NW",3,1,4
"NW31314","NW",4,1,2
"NW31322","NW",3,0,0
"NW31322","NW",4,0,0
"NW31336","NW",4,0,0
"NW31348","NW",1,1,1
"NW31348","NW",4,1,2
"NW31350","NW",1,0,0
"NW31350","NW",4,1,10
"NW31369","NW",2,1,4
"NW31369","NW",4,1,4
"NW31375","NW",1,0,0
"NW31375","NW",4,0,0
"NW31383","NW",1,2,56
"NW31383","NW",4,4,5
"NW31397","NW",4,2,104
"NW31403","NW",2,0,0
"NW31403","NW",4,0,0
"NW31424","NW",4,0,0
"NW31439","NW",4,1,24
"NW31446","NW",2,1,2
"NW31446","NW",4,2,62
"NW31452","NW",1,0,0
"NW31452","NW",4,0,0
"NW31467","NW",3,6,44
"NW31467","NW",4,58,67
"NW31478","NW",3,1,4
"NW31478","NW",4,1,4
"NW31480","NW",3,0,0
"NW31480","NW",4,1,16
"NW31495","NW",2,0,0
"NW31495","NW",4,0,0
"NW32033","NW",1,0,0
"NW32033","NW",4,0,0
"NW32040","NW",4,0,0
"NW32058","NW",2,0,0
"NW32058","NW",4,2,2
"NW32061","NW",3,0,0
"NW32061","NW",4,2,151
"NW32072","NW",3,0,0
"NW32072","NW",4,1,1
"NW32086","NW",3,1,1
"NW32086","NW",4,3,3
"NW32094","NW",4,3,7
"NW32105","NW",3,0,0
"NW32105","NW",4,0,0
"NW32118","NW",3,0,0
"NW32118","NW",4,0,0
"NW32126","NW",2,0,0
"NW32132","NW",3,1,1
"NW32132","NW",4,1,2
"NW32144","NW",3,0,0
"NW32144","NW",4,0,0
"NW32159","NW",4,0,0
"NW32160","NW",3,0,0
"NW32160","NW",4,0,0
"NW32171","NW",4,1,8
"NW32187","NW",1,3,38
"NW32187","NW",4,2,58
"NW32193","NW",3,0,0
"NW32193","NW",4,8,48
"NW32200","NW",2,1,6
"NW32200","NW",4,2,151
"NW32213","NW",2,1,2
"NW32221","NW",1,1,4
"NW32221","NW",4,2,68
"NW32237","NW",2,0,0
"NW32237","NW",4,0,0
"NW32249","NW",2,2,56
"NW32249","NW",4,2,151
"NW32265","NW",3,0,0
"NW32265","NW",4,0,0
"NW32276","NW",4,0,0
"NW32282","NW",2,1,6
"NW32282","NW",4,0,0
"NW32298","NW",4,0,0
"NW32302","NW",4,0,0
"NW32310","NW",3,2,77
"NW32310","NW",4,2,77
"NW32323","NW",4,1,2
"NW32335","NW",2,0,0
"NW32335","NW",4,0,0
"NW32347","NW",3,2,2
"NW32347","NW",4,1,1
"NW32351","NW",3,1,8
"NW32351","NW",4,0,0
"NW32368","NW",2,0,0
"NW32368","NW",4,0,0
"NW32379","NW",1,2,2
"NW32379","NW",4,1,2
"NW32384","NW",3,1,24
"NW32384","NW",4,1,24
"NW32396","NW",2,2,40
"NW32396","NW",4,0,0
"NW32412","NW",4,0,0
"NW32420","NW",3,0,0
"NW32420","NW",4,0,0
"NW32438","NW",4,2,54
"NW32445","NW",3,0,0
"NW32445","NW",4,0,0
"NW32453","NW",3,2,104
"NW32453","NW",4,2,151
"NW32466","NW",4,0,0
"NW32477","NW",2,0,0
"NW32477","NW",4,0,0
"NW32481","NW",2,2,10
"NW32481","NW",4,2,15
"NW32499","NW",3,0,0
"NW32499","NW",4,1,1
"NW32507","NW",4,1,1
"NW32515","NW",3,0,0
"NW32515","NW",4,0,0
"NW32528","NW",3,1,52
"NW32528","NW",4,1,52
"NW32530","NW",2,1,1
"NW32530","NW",4,2,2
"NW32542","NW",3,0,0
"NW32542","NW",4,0,0
"NW32556","NW",4,3,54
"NW32563","NW",4,0,0
"NW32589","NW",3,1,2
"NW32589","NW",4,1,2
"NW32591","NW",4,12,24
"NW32608","NW",4,1,12
"NW32629","NW",2,0,0
"NW32629","NW",4,0,0
"NW32634","NW",2,6,75
"NW32634","NW",4,40,94
"NW32641","NW",4,1,2
"NW32657","NW",3,0,0
"NW32657","NW",4,2,151
"NW32662","NW",4,1,2
"NW32673","NW",4,0,0
"NW32685","NW",2,1,1
"NW32685","NW",4,1,99
"NW32690","NW",2,2,12
"NW32690","NW",4,1,6
"NW32701","NW",4,4,7
"NW32714","NW",3,0,0
"NW32722","NW",2,0,0
"NW32722","NW",4,0,0
"NW32736","NW",2,0,0
"NW32736","NW",4,0,0
"NW32748","NW",4,0,0
"NW32750","NW",2,0,0
"NW32750","NW",4,0,0
"NW32769","NW",3,0,0
"NW32769","NW",4,0,0
"NW32775","NW",2,0,0
"NW32775","NW",4,1,24
"NW32783","NW",3,2,2
"NW32783","NW",4,0,0
"NW32797","NW",3,1,1
"NW32797","NW",4,0,0
"NW32803","NW",4,1,3
"NW32811","NW",2,0,0
"NW32811","NW",4,0,0
"NW32824","NW",2,1,3
"NW32824","NW",4,2,4
"NW32839","NW",2,1,2
"NW32839","NW",4,1,1
"NW32846","NW",4,0,0
"NW32852","NW",2,2,104
"NW32852","NW",4,1,52
"NW32867","NW",2,2,2
"NW32867","NW",4,2,2
"NW32878","NW",1,1,1
"NW32878","NW",4,0,0
"NW32880","NW",2,1,2
"NW32895","NW",3,1,1
"NW32895","NW",4,3,5
"NW32906","NW",2,0,0
"NW32906","NW",4,0,0
"NW32919","NW",3,0,0
"NW32919","NW",4,1,3
"NW32927","NW",3,2,4
"NW32927","NW",4,1,10
"NW32931","NW",2,1,6
"NW32931","NW",4,1,3
"NW32943","NW",2,0,0
"NW32943","NW",4,1,1
"NW32955","NW",2,0,0
"NW32955","NW",4,0,0
"NW32964","NW",2,1,24
"NW32970","NW",3,0,0
"NW32970","NW",4,0,0
"NW32988","NW",2,1,1
"NW32988","NW",4,1,2
"NW32992","NW",2,1,2
"NW32992","NW",4,1,2
"NW33006","NW",2,0,0
"NW33006","NW",4,2,14
"NW33019","NW",3,1,1
"NW33019","NW",4,2,131
"NW33027","NW",2,25,80
"NW33027","NW",4,3,49
"NW33031","NW",2,0,0
"NW33031","NW",4,1,1
"NW33043","NW",2,0,0
"NW33055","NW",3,1,10
"NW33055","NW",4,1,20
"NW33064","NW",3,39,39
"NW33064","NW",4,0,0
"NW33070","NW",2,0,0
"NW33070","NW",4,0,0
"NW33088","NW",3,0,0
"NW33088","NW",4,0,0
"NW33092","NW",2,0,0
"NW33092","NW",4,6,6
"NW33107","NW",4,0,0
"NW33115","NW",2,0,0
"NW33115","NW",4,0,0
"NW33128","NW",2,2,64
"NW33128","NW",4,2,64
"NW33130","NW",4,1,1
"NW33447","NW",3,0,0
"NW33447","NW",4,10,8
"NW33451","NW",2,1,1
"NW33451","NW",4,0,0
"NW33468","NW",2,1,8
"NW33468","NW",4,2,96
"NW34489","NW",2,0,0
"NW34489","NW",4,0,0
"NW34504","NW",3,0,0
"NW34504","NW",4,0,0
"SO10016","SO",4,6,5
"SO10029","SO",4,0,0
"SO10034","SO",4,0,0
"SO10041","SO",4,0,0
"SO10062","SO",4,0,0
"SO10073","SO",4,0,0
"SO10085","SO",4,0,0
"SO10090","SO",4,0,0
"SO10109","SO",4,0,0
"SO10117","SO",4,0,0
"SO10125","SO",4,0,0
"SO10133","SO",4,0,0
"SO10140","SO",4,0,0
"SO10158","SO",4,0,0
"SO10172","SO",4,0,0
"SO10186","SO",4,0,0
"SO10194","SO",4,2,2
"SO10201","SO",4,0,0
"SO10214","SO",4,1,52
"SO10236","SO",4,13,13
"SO10248","SO",4,0,0
"SO10250","SO",4,21,39
"SO10269","SO",4,1,1
"SO10275","SO",4,2,6
"SO10283","SO",4,4,100
"SO10297","SO",4,0,0
"SO10303","SO",4,1,1
"SO10311","SO",4,0,0
"SO10324","SO",4,0,0
"SO10339","SO",4,4,3
"SO10346","SO",4,0,0
"SO10367","SO",4,1,3
"SO10378","SO",4,3,14
"SO10380","SO",4,0,0
"SO10400","SO",4,0,0
"SO10413","SO",4,0,0
"SO10421","SO",4,0,0
"SO10437","SO",4,0,0
"SO10449","SO",4,0,0
"SO10454","SO",4,0,0
"SO10465","SO",4,0,0
"SO10476","SO",4,0,0
"SO10482","SO",4,,36
"SO10498","SO",4,4,4
"SO10506","SO",4,0,0
"SO10519","SO",4,1,1
"SO10527","SO",4,0,0
"SO10531","SO",4,0,0
"SO10543","SO",4,1,4
"SO10564","SO",4,1,8
"SO10570","SO",4,0,0
"SO10588","SO",4,0,0
"SO10592","SO",4,0,0
"SO10607","SO",4,2,36
"SO10615","SO",4,0,0
"SO10628","SO",4,0,0
"SO10630","SO",4,0,0
"SO10642","SO",4,0,0
"SO10656","SO",4,0,0
"SO10674","SO",4,0,0
"SO10689","SO",4,1,1
"SO10702","SO",4,0,0
"SO10710","SO",4,2,2
"SO10735","SO",4,0,0
"SO10751","SO",4,1,1
"SO10768","SO",4,2,10
"SO10779","SO",4,0,0
"SO10784","SO",4,5,26
"SO10796","SO",4,1,1
"SO10804","SO",4,0,0
"SO10812","SO",4,1,8
"SO10820","SO",4,0,0
"SO10838","SO",4,0,0
"SO10845","SO",4,0,0
"SO10866","SO",4,3,6
"SO10881","SO",4,0,0
"SO10899","SO",4,18,21
"SO10905","SO",4,1,3
"SO10918","SO",4,0,0
"SO10932","SO",4,0,0
"SO10944","SO",4,0,0
"SO10959","SO",4,0,0
"SO10960","SO",4,2,2
"SO10993","SO",4,0,0
"SO11001","SO",4,1,2
"SO11014","SO",4,1,10
"SO11036","SO",4,0,0
"SO11050","SO",4,1,3
"SO11069","SO",4,0,0
"SO11075","SO",4,1,2
"SO11083","SO",4,1,12
"SO11102","SO",4,0,0
"SO11123","SO",4,0,0
"SO11135","SO",4,0,0
"SO11151","SO",4,0,0
"SO11168","SO",4,4,4
"SO11179","SO",4,0,0
"SO11196","SO",4,1,4
"SO11208","SO",4,0,0
"SO11216","SO",4,5,10
"SO11229","SO",4,1,2
"SO11234","SO",4,2,70
"SO11241","SO",4,0,0
"SO11257","SO",4,0,0
"SO11262","SO",4,1,1
"SO11273","SO",4,0,0
"SO11290","SO",4,1,8
"SO11305","SO",4,0,0
"SO11318","SO",4,0,0
"SO11332","SO",4,3,30
"SO11344","SO",4,0,0
"SO11359","SO",4,1,1
"SO11360","SO",4,0,0
"SO11387","SO",4,12,20
"SO11393","SO",4,1,3
"SO11407","SO",4,0,0
"SO11415","SO",4,1,4
"SO11430","SO",4,0,0
"SO11442","SO",4,0,0
"SO11456","SO",4,2,10
"SO11463","SO",4,1,3
"SO11474","SO",4,0,0
"SO11489","SO",4,2,4
"SO11491","SO",4,1,8
"SO11512","SO",4,0,0
"SO11520","SO",4,2,13
"SO11538","SO",4,1,3
"SO11545","SO",4,4,4
"SO11553","SO",4,3,15
"SO11566","SO",4,0,0
"SO11577","SO",4,4,4
"SO11581","SO",4,0,0
"SO11599","SO",4,0,0
"SO11600","SO",4,0,0
"SO11613","SO",4,0,0
"SO11621","SO",4,1,99
"SO11637","SO",4,0,0
"SO11649","SO",4,0,0
"SO11654","SO",4,0,0
"SO11676","SO",4,0,0
"SO11682","SO",4,1,8
"SO11717","SO",4,1,1
"SO11725","SO",4,2,2
"SO11733","SO",4,1,2
"SO11740","SO",4,1,10
"SO11758","SO",4,5,1
"SO11761","SO",4,0,0
"SO11772","SO",4,0,0
"SO11786","SO",4,0,0
"SO11794","SO",4,0,0
"SO11806","SO",4,3,8
"SO11819","SO",4,0,0
"SO11831","SO",4,0,0
"SO11843","SO",4,0,0
"SO11864","SO",4,0,0
"SO11870","SO",4,1,3
"SO11888","SO",4,0,0
"SO11892","SO",4,0,0
"SO11903","SO",4,0,0
"SO11911","SO",4,0,0
"SO11924","SO",4,0,0
"SO11939","SO",4,1,12
"SO11946","SO",4,1,1
"SO11952","SO",4,1,1
"SO11967","SO",4,0,0
"SO11978","SO",4,0,0
"SO11980","SO",4,0,0
"SO11995","SO",4,0,0
"SO12000","SO",4,4,46
"SO12021","SO",4,1,16
"SO12037","SO",4,1,3
"SO12049","SO",4,0,0
"SO12054","SO",4,1,1
"SO12065","SO",4,0,0
"SO12076","SO",4,0,0
"SO12082","SO",4,0,0
"SO12098","SO",4,0,0
"SO12101","SO",4,1,1
"SO12114","SO",4,0,0
"SO12122","SO",4,3,5
"SO12136","SO",4,0,0
"SO12148","SO",4,1,1
"SO12150","SO",4,0,0
"SO12169","SO",4,0,0
"SO12183","SO",4,1,1
"SO12197","SO",4,0,0
"SO12209","SO",4,1,3
"SO12217","SO",4,1,6
"SO12225","SO",4,0,0
"SO12233","SO",4,1,10
"SO12240","SO",4,0,0
"SO12258","SO",4,0,0
"SO12261","SO",4,0,0
"SO12272","SO",4,0,0
"SO12286","SO",4,0,0
"SO12294","SO",4,0,0
"SO12306","SO",4,0,0
"SO12319","SO",4,0,0
"SO12327","SO",4,1,1
"SO12343","SO",4,0,0
"SO12355","SO",4,0,0
"SO12364","SO",4,0,0
"SO12370","SO",4,1,1
"SO12388","SO",6,0,0
"SO12392","SO",6,0,0
"SO12408","SO",6,0,0
"SO12416","SO",6,0,0
"SO12434","SO",6,0,0
"SO12441","SO",6,3,3
"SO12457","SO",6,0,0
"SO12462","SO",6,0,0
"SO12473","SO",6,0,0
"SO12485","SO",6,0,0
"SO12490","SO",6,1,3
"SO12511","SO",6,0,0
"SO12524","SO",6,0,0
"SO12539","SO",6,0,0
"SO12546","SO",6,0,0
"SO12552","SO",6,0,0
"SO12567","SO",6,0,0
"SO12578","SO",6,1,12
"SO12580","SO",6,0,0
"SO12595","SO",6,0,0
"SO12604","SO",6,0,0
"SW20051","SW",4,0,0
"SW20068","SW",4,2,78
"SW20079","SW",4,2,78
"SW20096","SW",4,2,4
"SW20103","SW",4,1,72
"SW20139","SW",4,0,0
"SW20152","SW",4,2,111
"SW20167","SW",4,2,78
"SW20178","SW",4,1,88
"SW20180","SW",4,2,68
"SW20195","SW",4,2,68
"SW20207","SW",4,0,0
"SW20215","SW",4,1,28
"SW20228","SW",4,1,57
"SW20230","SW",4,2,25
"SW20274","SW",4,1,72
"SW20289","SW",4,1,52
"SW20291","SW",4,2,96
"SW20309","SW",4,0,0
"SW20317","SW",4,1,1
"SW20333","SW",4,1,3
"SW20340","SW",4,1,72
"SW20358","SW",4,1,28
"SW20361","SW",4,20,16
"SW20431","SW",4,0,0
"SW20443","SW",4,0,0
"SW20455","SW",4,2,78
"SW20470","SW",4,0,0
"SW20488","SW",4,0,0
"SW20500","SW",4,0,0
"SW20513","SW",4,2,136
"SW20521","SW",4,0,0
"SW20537","SW",4,1,12
"SW20554","SW",4,2,106
"SW20565","SW",4,1,36
"SW20614","SW",4,1,52
"SW20669","SW",4,2,40
"SW20675","SW",4,1,1
"SW20683","SW",4,1,1
"SW20697","SW",4,1,1
"SW20708","SW",4,2,24
"SW20716","SW",4,2,24
"SW20734","SW",4,3,3
"SW20741","SW",4,1,32
"SW20757","SW",4,1,32
"SW20762","SW",4,2,80
"SW20773","SW",4,1,1
"SW20785","SW",4,6,40
"SW20826","SW",4,0,0
"SW20860","SW",4,1,1
"SW20904","SW",4,0,0
"SW20912","SW",4,40,80
"SW20920","SW",4,2,73
"SW20945","SW",4,1,99
"SW20953","SW",4,1,52
"SW21030","SW",4,1,78
"SW21042","SW",4,1,52
"SW21157","SW",4,0,0
"SW21173","SW",4,1,52
"SW21185","SW",4,4,4
"SW21190","SW",4,0,0
"SW21223","SW",4,1,99
"SW21235","SW",4,1,24
"SW21268","SW",4,0,0
"SW21304","SW",4,0,0
"SW21320","SW",4,1,36
"SW21353","SW",4,2,38
"SW21366","SW",4,3,3
"SW21381","SW",4,32,
"SW21414","SW",4,0,0
"SW21448","SW",4,2,13
"SW21475","SW",4,0,0
"SW21483","SW",4,2,35
"SW21497","SW",4,1,1
"SW21505","SW",4,0,0
"SW21526","SW",4,0,0
"SW21532","SW",4,0,0
"SW21544","SW",4,0,0
"SW21559","SW",4,0,0
"SW21593","SW",4,0,0
"SW21664","SW",4,2,131
"SW21670","SW",4,0,0
"SW21703","SW",4,0,0
"SW21724","SW",4,0,0
"SW21739","SW",4,0,0
"SW21778","SW",4,0,0
"SW21800","SW",4,0,0
"SW21837","SW",4,0,0
"SW21909","SW",4,3,72
"SW22043","SW",4,0,0
"SW22128","SW",4,2,5
"SW22142","SW",4,0,0
"SW22174","SW",4,0,0
"SW22203","SW",4,0,0
"SW22224","SW",4,0,0
"SW22267","SW",4,1,8
"SW22278","SW",4,0,0
"SW22280","SW",4,1,16
"SW22313","SW",4,1,1
"SW22349","SW",4,0,0
"SW22382","SW",4,1,3
"SW22398","SW",4,2,27
"SW22402","SW",4,3,85
"SW22435","SW",4,1,16
"SW22447","SW",4,0,0
"SW22451","SW",4,0,0
"SW22468","SW",4,0,0
"SW22479","SW",4,1,4
"SW22525","SW",4,0,0
"SW22533","SW",4,0,0
"SW22594","SW",4,1,1
"SW22605","SW",4,2,37
"SW22644","SW",4,0,0
"SW22659","SW",4,1,2
"SW22671","SW",4,40,42
"SW22687","SW",4,0,0
"SW22704","SW",4,0,0
"SW22720","SW",4,1,2
"SW22745","SW",4,1,16
"SW22753","SW",4,1,16
"SW22781","SW",4,0,0
"SW22799","SW",4,1,99
"SW22822","SW",4,1,36
"SW22883","SW",4,1,44
"SW22934","SW",4,5,9
"SW22962","SW",4,0,0
"SW22985","SW",4,0,0
"SW23008","SW",4,3,75
"SW23016","SW",4,0,0
"SW23029","SW",4,2,2
"SW23073","SW",4,0,0
"SW23085","SW",4,1,16
"SW23090","SW",4,2,2
"SW23109","SW",4,2,2
"SW23125","SW",4,1,6
"SW23133","SW",4,0,0
"SW23140","SW",4,0,0
"SW23158","SW",4,0,0
"SW23161","SW",4,0,0
"SW23194","SW",4,2,40
"SW23303","SW",4,1,1
"SW23324","SW",4,0,0
"SW23339","SW",4,0,0
"SW23346","SW",4,1,24
"SW23367","SW",4,2,98
"SW23380","SW",4,1,2
"SW23400","SW",4,0,0
"SW23413","SW",4,0,0
"SW23449","SW",4,0,0
"SW23465","SW",4,1,1
"SW23476","SW",4,0,0
"SW23482","SW",4,0,0
"SW23498","SW",4,1,99
"SW23506","SW",4,0,0
"SW23519","SW",4,1,1
"SW23555","SW",4,0,0
"SW23570","SW",4,0,0
"SW23592","SW",4,2,33
"SW23607","SW",4,2,16
"SW23615","SW",4,2,2
"SW23628","SW",4,1,12
"SW23630","SW",4,1,1
"SW23642","SW",4,1,24
"SW23663","SW",4,0,0
"SW23689","SW",4,1,52
"SW23691","SW",4,1,20
"SW23702","SW",4,1,52
"SW23710","SW",4,0,0
"SW23735","SW",4,0,0
"SW23747","SW",4,0,0
"SW23768","SW",4,0,0
"SW23779","SW",4,0,0
"SW23784","SW",4,1,2
"SW23796","SW",4,1,26
"SW23820","SW",4,1,24
"SW23838","SW",4,1,28
"SW23845","SW",4,0,0
"SW23866","SW",4,0,0
